liczba instancji;1 pomiar;2 pomiar;3 pomiar;srednia
10;1;0;0;0.333333
50;15;12;12;13
100;58;55;54;55.6667
500;1318;1195;1222;1245
1000;4347;4394;3988;4243
2000;15769;15135;15543;15482.3
5000;99704;99558;101606;100289
10000;424059;418238;419210;420502
20000;1899791;1887320;1879550;1.88889e+06
50000;9278854;9099163;9081760;9.15326e+06
